Name,Height(cm),femur_length,torso_length,tfr_ratio,scale_factor,selected_side
ALLIGHT24,180,46.82047815899161,54.3324732637342,0.8617402328018686,210.13027543008477,Right
